{
  "type": "Crossbeam",
  "children": [
    {
      "pos": {
        "x": -1172611.0190624227,
        "y": 5408057.5041074455,
        "z": 3164493.3246682
      },
      "id": "030102050101"
    },
    {
      "pos": {
        "x": -1172585.1157939995,
        "y": 5407942.107522277,
        "z": 3164427.1512597855
      },
      "id": "030102050102"
    },
    {
      "pos": {
        "x": -1171595.057318723,
        "y": 5408121.984079016,
        "z": 3164757.825266029
      },
      "id": "030102050201"
    }
  ]
}