{
  "type": "Tunnel anchor",
  "children": [
    {
      "pos": {
        "x": -1172901.9334749253,
        "y": 5407918.204797762,
        "z": 3164296.066970028
      },
      "id": "030102080101"
    },
    {
      "pos": {
        "x": -1172907.586364908,
        "y": 5407893.85616456,
        "z": 3164354.308644921
      },
      "id": "030102080103"
    },
    {
      "pos": {
        "x": -1171265.3452767115,
        "y": 5408047.717590944,
        "z": 3164736.3982200013
      },
      "id": "030102080201"
    },
    {
      "pos": {
        "x": -1171264.4985391763,
        "y": 5408014.785218742,
        "z": 3164785.3721225243
      },
      "id": "030102080203"
    }
  ]
}