{
  "type": "Suspension saddle",
  "children": [
    {
      "pos": {
        "x": -1171592.527572128,
        "y": 5408147.332943124,
        "z": 3164742.8412279333
      },
      "id": "030102010201"
    },
    {
      "pos": {
        "x": -1171597.928209681,
        "y": 5408125.68184398,
        "z": 3164776.4617948458
      },
      "id": "030102020201"
    },
    {
      "pos": {
        "x": -1172619.8988531071,
        "y": 5408053.408683636,
        "z": 3164520.529206909
      },
      "id": "030102030201"
    },
    {
      "pos": {
        "x": -1172612.791161202,
        "y": 5408075.252082002,
        "z": 3164486.5700928993
      },
      "id": "030102040201"
    }
  ]
}