{
  "type": "Temporary structure",
  "children": [
    {
      "pos": {
        "x": -1171555.2147804634,
        "y": 5408039.605874666,
        "z": 3164558.0026086527
      },
      "id": "Ts0001"
    },
    {
      "pos": {
        "x": -1171412.1044353389,
        "y": 5408088.543202503,
        "z": 3164679.7235513106
      },
      "id": "Ts0002"
    },
    {
      "pos": {
        "x": -1172608.3996052667,
        "y": 5407919.406564663,
        "z": 3164309.2883002884
      },
      "id": "Ts0003"
    },
    {
      "pos": {
        "x": -1171618.5119482253,
        "y": 5407966.042570661,
        "z": 3164626.555150319
      },
      "id": "Ts0004"
    }
  ]
}