{
  "type": "Tower piers",
  "children": [
    {
      "pos": {
        "x": -1172564.5611383845,
        "y": 5407857.8872529175,
        "z": 3164349.2505958187
      },
      "id": "030101020202"
    },
    {
      "pos": {
        "x": -1172574.1427688752,
        "y": 5407838.837288153,
        "z": 3164392.014969416
      },
      "id": "030101030202"
    },
    {
      "pos": {
        "x": -1171563.3414048494,
        "y": 5408022.893864815,
        "z": 3164672.302651912
      },
      "id": "030101040202"
    },
    {
      "pos": {
        "x": -1171569.1928912634,
        "y": 5407999.3287640475,
        "z": 3164710.0743830064
      },
      "id": "030101050202"
    }
  ]
}